product_name,price,first payment,photo links
Samsung Galaxy Z Fold4 5G (12GB | 512GB) Hàn Quốc ( 2 Sim ),27.999.000,27.999.000,https://www.duchuymobile.com/images/thumbnails/180/180/detailed/53/samsung-galaxy-z-fold-4-256-512-gb-han-quoc_bdo1-xu.jpg
Samsung Galaxy Z Fold4 5G (12GB | 256GB) Hàn Quốc ( 2 Sim ),25.999.000,25.999.000,https://www.duchuymobile.com/images/thumbnails/180/180/detailed/53/samsung-galaxy-z-fold-4-256-512-gb-han-quoc.jpg
OPPO Reno6 5G (8GB | 128GB) Chính Hãng Like New,5.499.000,5.499.000,https://www.duchuymobile.com/images/thumbnails/180/180/detailed/49/oppo-reno6-5g.jpg
Samsung Galaxy Z Fold4 5G (12GB | 256GB) Chính Hãng,26.599.000,26.599.000,https://www.duchuymobile.com/images/thumbnails/180/180/detailed/51/samsung-galaxy-z-fold-4-256-512-gb-chinh-hang-den-kem-xanh.jpg
Samsung Galaxy Z Fold4 5G (12GB | 512GB) Chính Hãng,30.599.000,30.599.000,https://www.duchuymobile.com/images/thumbnails/180/180/detailed/51/samsung-galaxy-z-fold-4-256-512-gb-chinh-hang-den-kem-xanh_b6xx-65.jpg
Samsung Galaxy Z Fold4 5G (12GB | 1TB) Chính Hãng,32.999.000,32.999.000,https://www.duchuymobile.com/images/thumbnails/180/180/detailed/51/samsung-galaxy-z-fold4-5g-den.jpg
Samsung Galaxy Note 20 5G 256GB (Like New),6.799.000,6.799.000,https://www.duchuymobile.com/images/thumbnails/180/180/detailed/35/samsung-galaxy-note-20-cu-like-new-99.jpg
LG Velvet 5G (8GB | 128GB) Like New 99%,3.999.000,3.999.000,https://www.duchuymobile.com/images/thumbnails/180/180/detailed/51/lg-velvet-duchuymobile.jpg
Samsung Galaxy Z Fold4 5G (12GB | 1TB) Hàn Quốc,33.999.000,33.999.000,https://www.duchuymobile.com/images/thumbnails/180/180/detailed/53/samsung-galaxy-z-fold-4-256-512-gb-han-quoc_zpo7-d5.jpg
LG V60 ThinQ 5G Chip Rồng Snapdragon 865 Mới 100%,5.999.000,5.999.000,https://www.duchuymobile.com/images/thumbnails/180/180/detailed/53/trang_hr8i-qj.jpg
Samsung Galaxy Note 20 Ultra 5G (12GB | 256GB) Mới 100% Fullbox,13.499.000,13.499.000,https://www.duchuymobile.com/images/thumbnails/180/180/detailed/50/s22-plus-chinh-hang_3odh-nu.jpg
Samsung Galaxy S22 5G (8GB | 128GB) Chính Hãng Like New,11.999.000,11.999.000,https://www.duchuymobile.com/images/thumbnails/180/180/detailed/51/s22-ultra-den.jpg
Samsung Galaxy S22 5G (8GB | 256GB) Chính Hãng,14.799.000,14.799.000,https://www.duchuymobile.com/images/thumbnails/180/180/detailed/50/s22-plus-chinh-hang.jpg
Samsung Galaxy S22 5G (8GB | 128GB) Chính Hãng,12.799.000,12.799.000,https://www.duchuymobile.com/images/thumbnails/180/180/detailed/53/trang.jpg
Samsung Galaxy S22 Ultra 5G (12GB | 256GB) Hàn Quốc Like New,17.399.000,17.399.000,https://www.duchuymobile.com/images/thumbnails/180/180/detailed/53/s22-ultra-5g-do.jpg
Samsung Galaxy S22 Plus 5G (8GB | 128GB) Chính Hãng,16.599.000,16.599.000,https://www.duchuymobile.com/images/thumbnails/180/180/detailed/50/s22-ultra-xam_l690-04.jpg
Samsung Galaxy S22 Ultra 5G (8GB | 128GB) Chính Hãng,19.999.000,19.999.000,https://www.duchuymobile.com/images/thumbnails/180/180/detailed/51/samsung-galaxy-s22-ultra-mau-moi-thumb.jpg
Samsung Galaxy S22 Plus 5G (8GB | 256GB) Chính Hãng,17.599.000,17.599.000,https://www.duchuymobile.com/images/thumbnails/180/180/detailed/51/s22-ultra-5g-do.jpg
Samsung Galaxy Watch 4 44mm (R870) Chính Hãng,3.199.000,3.199.000,https://www.duchuymobile.com/images/thumbnails/180/180/detailed/54/buds2-pro-tim.jpg
Samsung Galaxy S22 Ultra 5G (12GB | 512GB) Hàn Quốc Like New,18.599.000,18.599.000,https://www.duchuymobile.com/images/thumbnails/180/180/detailed/46/s22-plus-5g-den.jpg
Samsung Galaxy S22 Ultra 5G (8GB | 128GB) Chính Hãng Like New,17.599.000,17.599.000,https://www.duchuymobile.com/images/thumbnails/180/180/detailed/47/s22-xanh_rsv3-lb_izip-ma.jpg
Samsung Galaxy S22 Ultra 5G (12GB | 256GB) Chính Hãng,22.799.000,22.799.000,https://www.duchuymobile.com/images/thumbnails/180/180/detailed/51/samsung-galaxy-watch5-40mm-den.jpg
Samsung Galaxy S22 Ultra 5G (12GB | 512GB) Chính Hãng,24.599.000,24.599.000,https://www.duchuymobile.com/images/thumbnails/180/180/detailed/53/s22-5g-trang_44tk-yn.jpg
Tai Nghe Bluetooth Samsung Galaxy Buds 2 Pro Chính Hãng,3.399.000,3.399.000,https://www.duchuymobile.com/images/thumbnails/180/180/detailed/51/s22-plus-5g-den.jpg
Samsung Galaxy S22 Plus 5G (8GB | 128GB) Chính Hãng Like New,14.999.000,14.999.000,https://www.duchuymobile.com/images/thumbnails/180/180/detailed/51/samsung-galaxy-watch5-lte-44mm.jpg
Samsung Galaxy S22 5G (8GB | 256GB) Chính Hãng Like New,13.299.000,13.299.000,https://www.duchuymobile.com/images/thumbnails/180/180/detailed/51/iphone-xr-TCDM.jpg
Samsung Galaxy Watch5 40mm Dây Silicone Chính Hãng,4.499.000,4.499.000,https://www.duchuymobile.com/images/thumbnails/180/180/detailed/51/samsung-galaxy-watch5-44mm.jpg
Samsung Galaxy S22 5G (8GB | 128GB) Mới 100%,11.599.000,11.599.000,https://www.duchuymobile.com/images/thumbnails/180/180/detailed/50/iphone-xs-xs-max_9njn-5h.jpg
Samsung Galaxy S22 Plus 5G (8GB | 256GB) Chính Hãng Trôi Bảo Hành,16.299.000,16.299.000,https://www.duchuymobile.com/images/thumbnails/180/180/detailed/50/iphone-xs-xs-max.jpg
Samsung Galaxy Watch5 LTE 44mm Dây Silicone Chính Hãng,6.699.000,6.699.000,https://www.duchuymobile.com/images/thumbnails/180/180/detailed/50/iphone-xs-xs-max_943p-dt.jpg
Samsung Galaxy S22 Ultra 5G (12GB | 256GB) Màu Thời Thượng Mới,22.999.000,22.999.000,https://www.duchuymobile.com/images/thumbnails/180/180/detailed/53/iphone-14-pro-max-chinh-hang-128-256-512gb-1x.jpg
Samsung Galaxy S22 Ultra 5G (12GB | 256GB) Chính Hãng Like New,20.599.000,20.599.000,https://www.duchuymobile.com/images/thumbnails/180/180/detailed/51/samsung-s21-plus-duchuymobile.jpg
Samsung Galaxy S22 Ultra 5G (12GB | 256GB) Phiên Bản Giới Hạn Chính Hãng,28.599.000,28.599.000,https://www.duchuymobile.com/images/thumbnails/180/180/detailed/35/samsung-galaxy-note-20-ultra-cu-1x.jpg
Samsung Galaxy S22 5G (8GB | 128GB) Mỹ Like New,10.799.000,10.799.000,https://www.duchuymobile.com/images/thumbnails/180/180/detailed/30/xam_68a0-6s.jpg
OPPO Reno6 Z (8GB | 128GB) Chính Hãng Like New,4.499.000,4.499.000,https://www.duchuymobile.com/images/thumbnails/180/180/detailed/52/iphone-14-pro-tim.jpg
iPhone 12 Pro Max 256GB (Chưa Active),18.799.000,18.799.000,https://www.duchuymobile.com/images/thumbnails/180/180/detailed/29/trang_hr8i-qj.jpg
Samsung Galaxy Note 10 Plus 5G (12GB | 256GB) Like New,7.199.000,7.199.000,https://www.duchuymobile.com/images/thumbnails/180/180/detailed/30/xam_opuh-ba_hhxy-p0_zpiu-s3_lpup-zt.jpg
Samsung Galaxy S21 FE 5G (8GB | 128GB) Chính Hãng Like New,8.399.000,8.399.000,https://www.duchuymobile.com/images/thumbnails/180/180/detailed/53/iphone-14-14-plus-chinh-hang-128-256-512gb-1x_cb4s-64.jpg
Samsung Galaxy Note 10 5G (12GB | 256GB) Like New,5.999.000,5.999.000,https://www.duchuymobile.com/images/thumbnails/180/180/detailed/50/xiaomi-poco-f4-bac.jpg
iPhone 12 Pro 128GB Quốc Tế (Chưa Active),16.999.000,16.999.000,https://www.duchuymobile.com/images/thumbnails/180/180/detailed/55/trang_j8p8-qa_sa7a-xx.jpg
iPhone XR 64GB Chính Hãng VN/A (Like New),5.599.000,5.599.000,https://www.duchuymobile.com/images/thumbnails/180/180/detailed/11/xam-cu_1coj-1e.jpg
Samsung Galaxy Watch5 44mm Dây Silicone Chính Hãng,5.199.000,5.199.000,https://www.duchuymobile.com/images/thumbnails/180/180/detailed/44/iphone-13-mau-xanh_yfax-ix.jpg
iPhone XS 256GB - Trả bảo hành,9.599.000,9.599.000,https://www.duchuymobile.com/images/thumbnails/180/180/detailed/28/do-cu.jpg
iPhone XS 64GB ( Chưa Active ),8.899.000,8.899.000,https://www.duchuymobile.com/images/thumbnails/180/180/detailed/47/google-pixel-6-pro-den_ndxu-l1.jpg
iPhone XS Max 64GB Mới 100% Chưa Active,11.299.000,11.299.000,https://www.duchuymobile.com/images/thumbnails/180/180/detailed/44/iphone-13-pro-vang_9dxg-cm.jpg
iPhone 14 Pro Max 128GB Chính Hãng VN/A,31.999.000,31.999.000,https://www.duchuymobile.com/images/thumbnails/180/180/detailed/39/mua-bac.jpg
Samsung Galaxy S21 Plus 5G 128GB Chính Hãng (Like New) 2 Sim,10.699.000,10.699.000,https://www.duchuymobile.com/images/thumbnails/180/180/detailed/10/iphone-se-silver-thumb_du45-x9.jpg
Samsung Galaxy Note 20 Ultra 5G 256GB (Like New),10.399.000,10.399.000,https://www.duchuymobile.com/images/thumbnails/180/180/detailed/50/poco-x4-pro-vang.jpg
Samsung Galaxy S20 Plus 128GB ( Chính Hãng ) Like New,8.599.000,8.599.000,https://www.duchuymobile.com/images/thumbnails/180/180/detailed/51/xiaomi-poco-f4-den.jpg
iPhone 14 Pro 128GB Chính Hãng VN/A,29.199.000,29.199.000,https://www.duchuymobile.com/images/thumbnails/180/180/detailed/51/poco-m4-pro-4g-den.jpg
LG V60 ThinQ 5G Chip Rồng Snapdragon 865 99%,4.499.000,4.499.000,https://www.duchuymobile.com/images/thumbnails/180/180/detailed/46/oppo-reno6-5g.jpg
Samsung Galaxy S20 Plus 5G (12GB | 256GB) Hàn Quốc Like New,6.699.000,6.699.000,https://www.duchuymobile.com/images/thumbnails/180/180/detailed/41/xanh_22p2-68.jpg
iPhone 14 Plus 128GB Chính Hãng VN/A,22.899.000,22.899.000,https://www.duchuymobile.com/images/thumbnails/180/180/detailed/48/oppo-reno7-5g.jpg
Xiaomi Poco F4 5G (6GB | 128GB) Chip Rồng 870 Chính Hãng,7.899.000,7.899.000,https://www.duchuymobile.com/images/thumbnails/180/180/detailed/48/oppo-reno7-z-5g.jpg
Google Pixel 7 Pro 5G (12GB | 128GB) Mới 100% Fullbox,23.799.000,23.799.000,https://www.duchuymobile.com/images/thumbnails/180/180/detailed/43/oppo-reno6-z-5g-bac.jpg
iPhone 7 32GB Quốc Tế (Like New),3.499.000,3.499.000,https://www.duchuymobile.com/images/thumbnails/180/180/detailed/52/iphone-12-pro-max-TCDM-2-SIM.jpg
iPhone X 64GB (Like New 99% ),5.499.000,5.499.000,https://www.duchuymobile.com/images/thumbnails/180/180/detailed/39/tim_37y6-jc_ubzn-l4_mln6-58_62nq-yt.jpg
iPhone 7 Plus 128GB Quốc Tế (Like New),5.690.000,5.690.000,https://www.duchuymobile.com/images/thumbnails/180/180/detailed/53/iphone-14-14-plus-chinh-hang-128-256-512gb-1x.jpg
Xiaomi 11 Lite 5G NE (8GB | 128GB) Chính Hãng 99% Fullbox,5.099.000,5.099.000,https://www.duchuymobile.com/images/thumbnails/180/180/detailed/53/google-pixel-7-den.jpg
iPhone 7 128GB Quốc Tế (Like New),3.590.000,3.590.000,https://www.duchuymobile.com/images/thumbnails/180/180/detailed/52/iphone-13-pro-den.jpg
OnePlus 10T 5G (16GB | 256GB) Chính Hãng,17.999.000,17.999.000,https://www.duchuymobile.com/images/thumbnails/180/180/detailed/39/tim_5z5c-b2.jpg
iPhone 7 Plus 32GB Quốc Tế (Like New),4.699.000,4.699.000,https://www.duchuymobile.com/images/thumbnails/180/180/detailed/52/iphone-14-xanh_jbo6-q4.jpg
iPhone 13 128GB Chính Hãng VN/A,18.399.000,18.399.000,https://www.duchuymobile.com/images/thumbnails/180/180/detailed/51/oneplus-10t-5g-xanh.jpg
iPhone 13 256GB Chính Hãng VN/A,21.399.000,21.399.000,https://www.duchuymobile.com/images/thumbnails/180/180/detailed/56/xiaomi-poco-x4-pro-5g-den_4f6d-r7.jpg
Nokia X6 16GB,499.000,499.000,https://www.duchuymobile.com/images/thumbnails/180/180/detailed/55/iphone-13-pro-max-den_ecuh-17.jpg
iPhone 8 Plus 64GB (Like New),6.499.000,6.499.000,https://www.duchuymobile.com/images/thumbnails/180/180/detailed/55/xanh.jpg
iPhone 13 128GB Chính Hãng VN/A - Trôi Bảo Hành,16.799.000,16.799.000,https://www.duchuymobile.com/images/thumbnails/180/180/detailed/39/den_xixr-fm_ktt5-ge.jpg
Google Pixel 4 XL 64GB 2 Sim (Like New),5.299.000,5.299.000,https://www.duchuymobile.com/images/thumbnails/180/180/detailed/41/tim.jpg
Google Pixel 6 Pro 5G (12GB | 128GB) Like New,9.990.000,9.990.000,https://www.duchuymobile.com/images/thumbnails/180/180/detailed/11/vang-cu.jpg
iPhone 13 Pro 128GB Chính Hãng VN/A - Trôi Bảo Hành,20.999.000,20.999.000,https://www.duchuymobile.com/images/thumbnails/180/180/detailed/24/s105g-256gb.jpg
Samsung Galaxy S21 Ultra 5G 256GB (Like New),11.799.000,11.799.000,https://www.duchuymobile.com/images/thumbnails/180/180/detailed/50/den.jpg
iPhone SE 32GB Quốc Tế (Like New),2.699.000,2.699.000,https://www.duchuymobile.com/images/thumbnails/180/180/detailed/39/bac_59k0-sh.jpg
Xiaomi Poco X4 Pro 5G (8GB | 256GB) Chính Hãng,6.799.000,6.799.000,https://www.duchuymobile.com/images/thumbnails/180/180/detailed/39/op.jpg
Xiaomi Poco F4 5G (8GB | 256GB) Chip Rồng 870 Chính Hãng,9.199.000,9.199.000,https://www.duchuymobile.com/images/thumbnails/180/180/detailed/11/iphone-xs-max-mau-trang-cu.jpg
Xiaomi Poco M4 Pro 4G (6GB | 128GB) Chính Hãng,4.399.000,4.399.000,https://www.duchuymobile.com/images/thumbnails/180/180/detailed/35/trang_bg25-4w.jpg
OPPO Reno6 5G (8GB | 128GB) Chính Hãng Mới 100% Nguyên Seal,6.599.000,6.599.000,https://www.duchuymobile.com/images/thumbnails/180/180/detailed/42/galaxy-m62-xanh.jpg
Xiaomi Poco F3 (6GB | 128GB) Chính Hãng,7.999.000,7.999.000,https://www.duchuymobile.com/images/thumbnails/180/180/detailed/53/dac-biet.jpg
OPPO Reno7 5G (8GB | 256GB) Chính Hãng,7.899.000,7.899.000,https://www.duchuymobile.com/images/thumbnails/180/180/detailed/43/samsung-galaxy-z-flip-3-5g-den.jpg
OPPO Reno7 Z 5G (8GB | 128GB) Chính Hãng,7.599.000,7.599.000,https://www.duchuymobile.com/images/thumbnails/180/180/detailed/43/samsung-galaxy-z-fold-3-5g-bac_s7ry-rf.jpg
OPPO Reno6 Z 5G (8GB | 128GB) Chính Hãng ( Trôi Bảo Hành ),6.099.000,6.099.000,https://www.duchuymobile.com/images/thumbnails/180/180/detailed/11/google-pixel-3.jpg
OPPO Reno7 4G (8GB | 128GB) Chính Hãng,5.799.000,5.799.000,https://www.duchuymobile.com/images/thumbnails/180/180/detailed/40/galaxy-a32-trang.jpg
Xiaomi Poco F3 (8GB | 256GB) Chính Hãng,8.499.000,8.499.000,https://www.duchuymobile.com/images/thumbnails/180/180/detailed/37/trang_khzb-3c_u7n9-mn.jpg
Xiaomi Poco X3 GT 5G (8GB | 128GB) Chính Hãng,7.290.000,7.290.000,https://www.duchuymobile.com/images/thumbnails/180/180/detailed/52/samsung-galaxy-z-fold4-5g-den_10oh-cj.jpg
iPhone 13 Pro 256GB Chính Hãng VN/A - Trôi Bảo Hành,22.799.000,22.799.000,https://www.duchuymobile.com/images/thumbnails/180/180/detailed/39/vang_m1gc-qq.jpg
Nokia 5800 Xpress Music Mới 100%,499.000,499.000,https://www.duchuymobile.com/images/thumbnails/180/180/detailed/24/vang.jpg
Samsung Galaxy S21 5G 256GB Hàn Quốc (Like New),8.199.000,8.199.000,https://www.duchuymobile.com/images/thumbnails/180/180/detailed/27/128gb-do-2-sim.jpg
Samsung Galaxy Watch5 LTE 40mm Dây Silicone Chính Hãng,6.199.000,6.199.000,https://www.duchuymobile.com/images/thumbnails/180/180/detailed/11/cu.jpg
iPhone X 256GB (Like New 99%),6.399.900,6.399.900,https://www.duchuymobile.com/images/thumbnails/180/180/detailed/26/den.jpg
iPhone 14 Pro Max 256GB Chính Hãng VN/A,35.999.000,35.999.000,https://www.duchuymobile.com/images/thumbnails/180/180/detailed/56/a.jpg
iPhone 14 Pro 256GB Chính Hãng VN/A,30.799.000,30.799.000,https://www.duchuymobile.com/images/thumbnails/180/180/detailed/40/mau-trang_125h-1p.jpg
iPhone 12 Pro Max 128GB (2 Sim Vật Lý) Chưa Active,20.699.000,20.699.000,https://www.duchuymobile.com/images/thumbnails/180/180/detailed/42/xanh_x6fk-1m_b1n7-bq.jpg
Samsung Galaxy S21 Plus 5G 128GB Hàn Quốc (Like New),9.999.000,9.999.000,https://www.duchuymobile.com/images/thumbnails/180/180/detailed/37/trang_025a-go.jpg
iPhone 14 128GB Chính Hãng VN/A,20.599.000,20.599.000,https://www.duchuymobile.com/images/thumbnails/180/180/detailed/51/samsung-a52s-duchuymobile.jpg
Google Pixel 7 5G (8GB | 256GB) Mới 100% Nguyên Seal,18.999.000,18.999.000,https://www.duchuymobile.com/images/thumbnails/180/180/detailed/43/tecno-pova-2-trang_gfq2-r0.jpg
iPhone 13 Pro 512GB Chính Hãng VN/A - Trôi Bảo Hành,24.299.000,24.299.000,https://www.duchuymobile.com/images/thumbnails/180/180/detailed/44/iphone-13-pro-max-den.jpg
Samsung Galaxy S21 5G 128GB Chính Hãng ( Like New ),8.290.000,8.290.000,https://www.duchuymobile.com/images/thumbnails/180/180/detailed/51/samsung-galaxy-z-flip-4-5g-chinh-hang-128-256-512gb-xanh.jpg
iPhone 14 Plus 256GB Chính Hãng VN/A,24.999.000,24.999.000,https://www.duchuymobile.com/images/thumbnails/180/180/detailed/31/xam_lcw1-36.jpg
OnePlus 10T 5G (8GB | 128GB) Chính Hãng,15.999.000,15.999.000,https://www.duchuymobile.com/images/thumbnails/180/180/detailed/33/xam_sapo-hd.jpg
Xiaomi Poco X4 Pro 5G (6GB | 128GB) Chính Hãng,5.799.000,5.799.000,https://www.duchuymobile.com/images/thumbnails/180/180/detailed/40/tim.jpg
iPhone 13 Pro Max 512GB (Like New),22.999.000,22.999.000,https://www.duchuymobile.com/images/thumbnails/180/180/detailed/28/lg-v50s-5g.jpg
Xiaomi Mi 11 Lite 5G (8GB | 256GB) Chính Hãng 99% Fullbox,5.999.000,5.999.000,https://www.duchuymobile.com/images/thumbnails/180/180/detailed/52/xanh_lsye-lr.jpg
Samsung Galaxy S21 Ultra 5G 128GB Chính Hãng (Like New),12.699.000,12.699.000,https://www.duchuymobile.com/images/thumbnails/180/180/detailed/44/samsung-galaxy-a13-den.jpg
Xiaomi Poco X3 Pro (6GB | 128GB) Chính Hãng,6.999.000,6.999.000,https://www.duchuymobile.com/images/thumbnails/180/180/detailed/36/iphone-12-mini-do.jpg
iPhone 8 64GB Quốc Tế (Like New),4.190.000,4.190.000,https://www.duchuymobile.com/images/thumbnails/180/180/detailed/29/xam.jpg
Samsung Galaxy S10 5G (8GB | 256GB) Like New,5.499.000,5.499.000,https://www.duchuymobile.com/images/thumbnails/180/180/detailed/44/iphone-13-pro-max-den_ecuh-17.jpg
Samsung Galaxy M51 Chính Hãng,6.499.000,6.499.000,https://www.duchuymobile.com/images/thumbnails/180/180/detailed/43/tecno-pova-2-trang.jpg
Nokia 6210,799.000,799.000,https://www.duchuymobile.com/images/thumbnails/180/180/detailed/30/xam_9rk4-7z_2p4c-6u_hz1g-me_v4f3-1g.jpg
LG V50 ThinQ 5G Hàn Quốc (Like New),3.899.000,3.899.000,https://www.duchuymobile.com/images/thumbnails/180/180/detailed/35/vanh_uouy-ao_k69y-id_r9vb-al_j8g3-18_6p2i-mc_nhdg-tc.jpg
Xiaomi Poco M3 (4GB | 64GB) Chính Hãng,3.499.000,3.499.000,https://www.duchuymobile.com/images/thumbnails/180/180/detailed/44/iphone-13-pro-max-den_a792-80.jpg
iPhone XS 64GB (Like New),5.899.000,5.899.000,https://www.duchuymobile.com/images/thumbnails/180/180/detailed/52/iphone-14-pro-max-den.jpg
Màn hình phụ LG V50 & V50S,1.790.000,1.790.000,https://www.duchuymobile.com/images/thumbnails/180/180/detailed/56/airpods-2-thumb.jpg
LG G8 ThinQ Hàn Quốc (Like New),4.590.000,4.590.000,https://www.duchuymobile.com/images/thumbnails/180/180/detailed/52/galaxy-z-flip-4-5g-hong.jpg
Samsung Galaxy Note 20 256GB Chính Hãng (Like New) 2 Sim,7.999.000,7.999.000,https://www.duchuymobile.com/images/thumbnails/180/180/detailed/31/xam_9rk4-7z_2p4c-6u.jpg
Tai nghe Samsung Galaxy Buds Live Chính Hãng,949.000,949.000,https://www.duchuymobile.com/images/thumbnails/180/180/detailed/38/xam.jpg
SMobile Idol,429.000,429.000,https://www.duchuymobile.com/images/thumbnails/180/180/detailed/47/google-pixel-6-pro-den.jpg
Tai nghe Samsung Galaxy Buds Pro Chính Hãng,2.499.000,2.499.000,https://www.duchuymobile.com/images/thumbnails/180/180/detailed/56/airpods-pro-thumb.jpg
OPPO Reno5 (8GB | 128GB) Chính Hãng,7.129.000,7.129.000,https://www.duchuymobile.com/images/thumbnails/180/180/detailed/48/samsung-galaxy-a33-5g-xanh.jpg
Bao Da Galaxy S21 Ultra 5G Clearview kèm S-Pen,1.790.000,1.790.000,https://www.duchuymobile.com/images/thumbnails/180/180/detailed/37/do.jpg
iPhone XS Max 64GB (Like New),7.499.000,7.499.000,https://www.duchuymobile.com/images/thumbnails/180/180/detailed/38/vang_p495-ud.jpg
Samsung Galaxy Note 20 Ultra 5G Mỹ 2 Sim Mới 100% FullBox,13.999.000,13.999.000,https://www.duchuymobile.com/images/thumbnails/180/180/detailed/37/xanh-la_e4eu-h7.jpg
Samsung Galaxy M62 (8GB | 256GB) Chính Hãng,8.899.000,8.899.000,https://www.duchuymobile.com/images/thumbnails/180/180/detailed/27/xam_uhkw-5j.jpg
Samsung Galaxy Z Flip4 5G (8GB | 256GB) Flex Mode Collection Chính Hãng,18.599.000,18.599.000,https://www.duchuymobile.com/images/thumbnails/180/180/detailed/11/xam-cu-128gb.jpg
Samsung Galaxy Z Flip3 5G (8GB | 128GB) Chính Hãng,12.999.000,12.999.000,https://www.duchuymobile.com/images/thumbnails/180/180/detailed/44/iphone-13-pro-xanh_ypwp-f7.jpg
Samsung Galaxy Z Fold3 5G (12GB | 256GB) Chính Hãng Like New,17.699.000,17.699.000,https://www.duchuymobile.com/images/thumbnails/180/180/detailed/44/iphone-13-pro-vang_20lf-3p.jpg
Google Pixel 3 64GB (Like New),3.590.000,3.590.000,https://www.duchuymobile.com/images/thumbnails/180/180/detailed/43/galaxy-z-fold-3-5g_4io9-m6_4wds-js.jpg
Samsung Galaxy A32 (8GB | 128GB) Chính Hãng,5.499.000,5.499.000,https://www.duchuymobile.com/images/thumbnails/180/180/detailed/34/vanh_nfuf-jm.jpg
Samsung Galaxy M51 Chính Hãng (Like New),4.899.000,4.899.000,https://www.duchuymobile.com/images/thumbnails/180/180/detailed/37/den_ie2g-x1.jpg
Samsung Galaxy Z Fold4 5G (12GB | 256GB) 2 Sim (Like New),23.399.000,23.399.000,https://www.duchuymobile.com/images/thumbnails/180/180/detailed/42/dong_9a3u-7b.jpg
Xiaomi Poco M3 (4GB | 128GB) Chính Hãng,3.990.000,3.990.000,https://www.duchuymobile.com/images/thumbnails/180/180/detailed/45/trang_sdlb-uz_gmbb-re.jpg
Samsung Galaxy S10e Mỹ (6GB | 128GB) Like New,3.690.000,3.690.000,https://www.duchuymobile.com/images/thumbnails/180/180/detailed/36/bao-da.jpg
Samsung Galaxy M32 (8GB | 128GB) Chính Hãng,4.499.000,4.499.000,https://www.duchuymobile.com/images/thumbnails/180/180/detailed/40/trang_zdoh-gb.jpg
iPhone 11 Pro 64GB (Like New),8.599.000,8.599.000,https://www.duchuymobile.com/images/thumbnails/180/180/detailed/50/google-pixel-5-den.jpg
Samsung Galaxy A12 (6GB | 128GB) Chính Hãng,3.999.000,3.999.000,https://www.duchuymobile.com/images/thumbnails/180/180/detailed/27/xanh_bh9e-jq.jpg
iPhone 11 Pro 256GB (Like New),9.899.000,9.899.000,https://www.duchuymobile.com/images/thumbnails/180/180/detailed/49/samsung-galaxy-m33-5g-nau.jpg
Xiaomi Poco X3 Pro (8GB | 256GB) Chính Hãng,7.999.000,7.999.000,https://www.duchuymobile.com/images/thumbnails/180/180/detailed/47/xiaomi-redmi-9a-xanh-duong.jpg
Samsung Galaxy Z Flip4 5G (8GB | 256GB) BESPOKE Chính Hãng,15.999.000,15.999.000,https://www.duchuymobile.com/images/thumbnails/180/180/detailed/31/dai-dien.jpg
Samsung Galaxy Z Fold 2 5G Chính Hãng (Like New),14.399.000,14.399.000,https://www.duchuymobile.com/images/thumbnails/180/180/detailed/42/tim_jz0v-wy.jpg
Samsung Galaxy A12 (4GB | 128GB) Chính Hãng,3.459.000,3.459.000,https://www.duchuymobile.com/images/thumbnails/180/180/detailed/49/samsung-galaxy-a23-xanh.jpg
LG G8 ThinQ Mỹ (Like New),4.590.000,4.590.000,https://www.duchuymobile.com/images/thumbnails/180/180/detailed/35/trang_6qkz-kp_1qlc-p6.jpg
iPhone 11 Pro Max 64GB (Like New),10.499.000,10.499.000,https://www.duchuymobile.com/images/thumbnails/180/180/detailed/44/iphone-13-pro-max-den_xjef-hr.jpg
iPhone 11 64GB (Like New),6.799.000,6.799.000,https://www.duchuymobile.com/images/thumbnails/180/180/detailed/38/xam_qlh3-3z.jpg
iPhone XS Max 256GB (Like New),8.999.000,8.999.000,https://www.duchuymobile.com/images/thumbnails/180/180/detailed/50/galaxy-m23-5g.jpg
Samsung Galaxy Note 10 5G 12GB | 256GB,8.599.000,8.599.000,https://www.duchuymobile.com/images/thumbnails/180/180/detailed/37/xam_dt8r-wv.jpg
Củ sạc nhanh 25W Samsung Chính Hãng,399.000,399.000,https://www.duchuymobile.com/images/thumbnails/180/180/detailed/48/samsung-galaxy-m53-5g-128-256gb-chinh-hang.jpg
Samsung Galaxy A32 (6GB | 128GB) Chính Hãng,5.099.000,5.099.000,https://www.duchuymobile.com/images/thumbnails/180/180/detailed/36/xanh_x6fk-1m_oxq4-dr_zkma-8q_sqyq-8n.jpg
Samsung Galaxy S20 FE (8GB | 256GB) Snapdragon 865 Chính Hãng,8.599.000,8.599.000,https://www.duchuymobile.com/images/thumbnails/180/180/detailed/51/oppo-reno-8-5g-chinh-hang.jpg
Củ Sạc Nhanh Apple iPhone 20W Type-C Chính Hãng,599.000,599.000,https://www.duchuymobile.com/images/thumbnails/180/180/detailed/43/s21-fe-5g-xanh.jpg
Samsung Galaxy A52s 5G (8GB | 128GB) Chính Hãng,7.999.000,7.999.000,https://www.duchuymobile.com/images/thumbnails/180/180/detailed/51/oppo-reno-8z-5g-chinh-hang.jpg
Tecno Pova 2 (4GB | 64GB) Chính Hãng,3.890.000,3.890.000,https://www.duchuymobile.com/images/thumbnails/180/180/detailed/51/samsung-s20-duchuymobile-2x.jpg
iPhone 13 Pro Max 128GB Chính Hãng VN/A,26.899.000,26.899.000,https://www.duchuymobile.com/images/thumbnails/180/180/detailed/38/mau-den_yo02-9x.jpg
Samsung Galaxy Z Flip4 5G (8GB | 128GB) Chính Hãng Like New,13.299.000,13.299.000,https://www.duchuymobile.com/images/thumbnails/180/180/detailed/45/oppo-reno6-pro-5g-xanh-duong.jpg
Samsung Galaxy S20 Ultra 5G Mỹ ( Like New ),7.999.000,7.999.000,https://www.duchuymobile.com/images/thumbnails/180/180/detailed/44/iphone-13-pro-max-den.jpg
iPhone 6S Plus 32GB Chưa Active,4.499.000,4.499.000,https://www.duchuymobile.com/images/thumbnails/180/180/detailed/43/s21-fe-5g-xanh.jpg
Samsung Galaxy A72 (8GB | 256GB) Chính Hãng,7.499.000,7.499.000,https://www.duchuymobile.com/images/thumbnails/180/180/detailed/37/xam_oyu6-oa.jpg
LG V50s ThinQ 5G (Like New),3.399.000,3.399.000,https://www.duchuymobile.com/images/thumbnails/180/180/detailed/53/iphone-14-pro-max-vang_ikdx-mf.jpg
iPhone XR 64GB Quốc Tế (Like New),5.199.000,5.199.000,https://www.duchuymobile.com/images/thumbnails/180/180/detailed/43/samsung-galaxy-z-flip-3-5g-den_nn34-xf.jpg
Tai nghe không dây Samsung Galaxy Buds 2 Chính Hãng,1.999.000,1.999.000,https://www.duchuymobile.com/images/thumbnails/180/180/detailed/51/redmi-note-10s-xanh.jpg
iPhone XS 256GB (Like New),6.799.000,6.799.000,https://www.duchuymobile.com/images/thumbnails/180/180/detailed/44/iphone-13-pro-max-xanh_978o-ib.jpg
Samsung Galaxy A52 (8GB | 128GB) Chính Hãng,6.599.000,6.599.000,https://www.duchuymobile.com/images/thumbnails/180/180/detailed/50/xiaomi-poco-f4-gt-chinh-hang-2_ducy-94.jpg
iPhone 11 128GB Chính Hãng VN/A,12.299.000,12.299.000,https://www.duchuymobile.com/images/thumbnails/180/180/detailed/43/samsung-galaxy-z-fold-3-5g-bac.jpg
Samsung Galaxy Z Flip4 5G (8GB | 256GB) Chính Hãng Like New,14.299.000,14.299.000,https://www.duchuymobile.com/images/thumbnails/180/180/detailed/44/iphone-13-pro-xanh_1ikv-b2.jpg
iPhone 11 Pro Max 256GB (Like New),11.399.000,11.399.000,https://www.duchuymobile.com/images/thumbnails/180/180/detailed/38/xam.jpg
Xiaomi Poco M3 Pro 5G (6GB | 128GB) Chính Hãng,4.299.000,4.299.000,https://www.duchuymobile.com/images/thumbnails/180/180/detailed/39/xanh_kfyk-ec.jpg
iPhone 11 128GB (Like New),7.899.000,7.899.000,https://www.duchuymobile.com/images/thumbnails/180/180/detailed/27/256gb-xanh-my.jpg
Oppo Reno2 (8GB | 256GB) Like New 99% FullBox,2.999.000,2.999.000,https://www.duchuymobile.com/images/thumbnails/180/180/detailed/49/bao-da-samsung-galaxy-s22-ultra-smart-clear-view.jpg
iPhone 11 64GB Chính Hãng VN/A (Chưa Active),10.699.000,10.699.000,https://www.duchuymobile.com/images/thumbnails/180/180/detailed/50/samsung-galaxy-a23-cam.jpg
Samsung Galaxy A13 (4GB | 128GB) Chính Hãng,3.699.000,3.699.000,https://www.duchuymobile.com/images/thumbnails/180/180/detailed/52/bao-da-kem-but-s-pen-samsung-galaxy-z-fold4-5g.jpg
iPhone 12 Mini 64GB Chính Hãng VN/A (Like New),9.990.000,9.990.000,https://www.duchuymobile.com/images/thumbnails/180/180/detailed/51/watch5-pro-45mm-xam.jpg
iPhone X 64GB Quốc Tế ( 96% ),6.900.000,6.900.000,https://www.duchuymobile.com/images/thumbnails/180/180/detailed/44/iphone-13-mau-hong_oeb3-wh.jpg
iPhone 13 Pro Max 128GB (Like New),19.799.000,19.799.000,https://www.duchuymobile.com/images/thumbnails/180/180/detailed/37/xam_id83-zq.jpg
Tecno Pova 2 (6GB | 128GB) Chính Hãng,4.199.000,4.199.000,https://www.duchuymobile.com/images/thumbnails/180/180/detailed/52/op-lung-samsung-galaxy-z-fold-4-5g-vrs-design.jpg
Samsung Galaxy S20 Ultra 5G (12GB | 256GB) Hàn Quốc Like New,8.399.000,8.399.000,https://www.duchuymobile.com/images/thumbnails/180/180/detailed/39/but-apple.jpg
Samsung Galaxy Note 20 Ultra 5G 128GB Mỹ (2 Sim) Like New,10.799.000,10.799.000,https://www.duchuymobile.com/images/thumbnails/180/180/detailed/44/iphone-13-mau-xanh_tw23-d1.jpg
iPhone 13 Pro Max 256GB Chính Hãng VN/A,29.299.000,29.299.000,https://www.duchuymobile.com/images/thumbnails/180/180/detailed/52/bo-qua-tang-oppo-reno8-z-reno8-5g.jpg
iPhone 14 Pro Max 512GB Chính Hãng VN/A,41.990.000,41.990.000,https://www.duchuymobile.com/images/thumbnails/180/180/detailed/44/iphone-13-pro-max-xanh_h89s-e3.jpg
Tai nghe Apple AirPods 2 Chính Hãng,2.499.000,2.499.000,https://www.duchuymobile.com/images/thumbnails/180/180/detailed/50/sac-MNWM3.jpg
Samsung Galaxy Z Flip4 5G (8GB | 128GB) Chính Hãng,14.799.000,14.799.000,https://www.duchuymobile.com/images/thumbnails/180/180/detailed/45/op-lung-iphone-13-pro-max.jpg
Samsung Galaxy S20 Ultra 128GB Chính Hãng (Like New),9.599.000,9.599.000,https://www.duchuymobile.com/images/thumbnails/180/180/detailed/50/xiaomi-poco-x4-gt-5g.jpg
iPhone 12 Pro Max 128GB (Like New),14.199.000,14.199.000,https://www.duchuymobile.com/images/thumbnails/180/180/detailed/44/iphone-13-pro-max-xanh_hbmd-62.jpg
Google Pixel 6 Pro 5G (12GB | 128GB) Mới 100% Fullbox,14.999.000,14.999.000,https://www.duchuymobile.com/images/thumbnails/180/180/detailed/53/iphone-12-pro-trang-128-256-512-moi.jpg
Samsung Galaxy Z Flip3 5G (8GB | 256GB) Chính Hãng,14.599.000,14.599.000,https://www.duchuymobile.com/images/thumbnails/180/180/detailed/38/xam_ijkg-zs_c9qn-7v.jpg
iPhone 14 256GB Chính Hãng VN/A,22.490.000,22.490.000,https://www.duchuymobile.com/images/thumbnails/180/180/detailed/50/samsung-galaxy-a13-cam.jpg
Oppo A95 (8GB | 128GB) Chính Hãng,5.499.000,5.499.000,https://www.duchuymobile.com/images/thumbnails/180/180/detailed/52/iphone-14-trang.jpg
iPhone 14 Pro 512GB Chính Hãng VN/A,36.990.000,36.990.000,https://www.duchuymobile.com/images/thumbnails/180/180/detailed/51/smart-led-view-cover-samsung-galaxy-s22-ultra-5g.jpg
iPhone 14 Plus 512GB Chính Hãng VN/A,26.990.000,26.990.000,https://www.duchuymobile.com/images/thumbnails/180/180/detailed/50/samsung-galaxy-m53-5g-128-256gb-chinh-hang.jpg
Samsung Galaxy S21 FE 5G (8GB | 256GB) Chính Hãng (Like New),9.999.000,9.999.000,https://www.duchuymobile.com/images/thumbnails/180/180/detailed/54/do.jpg
iPhone 12 Pro Max 128GB Chính Hãng Trả Bảo Hành,20.999.000,20.999.000,https://www.duchuymobile.com/images/thumbnails/180/180/detailed/50/google-pixel-5-den_f6a9-1c.jpg
Samsung Galaxy M32 (6GB | 128GB) Chính Hãng,4.199.000,4.199.000,https://www.duchuymobile.com/images/thumbnails/180/180/detailed/45/xiaomi-redmi-note-11-xam.jpg
Bao da Smart Clear View Samsung Galaxy Note 20 Ultra,1.399.000,1.399.000,https://www.duchuymobile.com/images/thumbnails/180/180/detailed/40/trang_zdoh-gb_a2p3-oz.jpg
Samsung Galaxy A53 5G (8GB | 128GB) Chính Hãng,7.499.000,7.499.000,https://www.duchuymobile.com/images/thumbnails/180/180/detailed/43/samsung-galaxy-z-fold-3-5g-bac_0hnr-rt.jpg
Tai nghe Apple AirPods Pro (2021) Chính Hãng Hỗ trợ sạc Magsafe,4.599.000,4.599.000,https://www.duchuymobile.com/images/thumbnails/180/180/detailed/38/xanh_mh84-qk_2tev-cq_re6a-bl_ywz0-42_61cb-sh.jpg
Samsung Galaxy A33 5G (6GB | 128GB) Chính Hãng,5.899.000,5.899.000,https://www.duchuymobile.com/images/thumbnails/180/180/detailed/54/s21-fe-5g-tim.jpg
iPhone 12 64GB Chính Hãng VN/A,14.599.000,14.599.000,https://www.duchuymobile.com/images/thumbnails/180/180/detailed/51/iphone-13-pro-max-den_x66q-fv.jpg
iPhone 11 Pro 512GB (Like New),10.799.000,10.799.000,https://www.duchuymobile.com/images/thumbnails/180/180/detailed/53/xanh_lj9x-pb.jpg
iPhone 12 64GB Mới 100% Active Online,12.999.000,12.999.000,https://www.duchuymobile.com/images/thumbnails/180/180/detailed/51/zte-nubia-red-magic-7s-pro.jpg
iPhone 11 Pro Max 512GB (Like New),12.599.000,12.599.000,https://www.duchuymobile.com/images/thumbnails/180/180/detailed/51/zte-nubia-red-magic-7s.jpg
iPhone XR 128GB Quốc Tế (Like New),7.699.000,7.699.000,https://www.duchuymobile.com/images/thumbnails/180/180/detailed/37/xanh-la_e4eu-h7_k9ab-0u_w89j-ak.jpg
iPhone 13 Pro 128GB Chính Hãng VN/A,23.799.000,23.799.000,https://www.duchuymobile.com/images/thumbnails/180/180/detailed/50/galaxy-a52s-5g-den_mqw4-8x.jpg
iPhone 13 Pro 256GB Chính Hãng VN/A,26.499.000,26.499.000,https://www.duchuymobile.com/images/thumbnails/180/180/detailed/50/xiaomi-redmi-10c-xanh-luc-chinh-hang-vn.jpg
Samsung Galaxy Z Fold3 5G (12GB | 256GB) Hàn Quốc Like New,16.799.000,16.799.000,https://www.duchuymobile.com/images/thumbnails/180/180/detailed/55/iphone-13-mau-do_tm77-c8.jpg
Samsung Galaxy Note 20 Ultra 256GB Chính Hãng (Like New) 2 Sim,11.999.000,11.999.000,https://www.duchuymobile.com/images/thumbnails/180/180/detailed/49/xiaomi-redmi-note-11-xam.jpg
iPhone 12 Mini 64GB (Like New),8.799.000,8.799.000,https://www.duchuymobile.com/images/thumbnails/180/180/detailed/41/trang_zdoh-gb_a2p3-oz.jpg
Samsung Galaxy Z Fold 2 5G Hàn Quốc (Like New),12.599.000,12.599.000,https://www.duchuymobile.com/images/thumbnails/180/180/detailed/48/samsung-galaxy-a33-5g_p9cw-oj.jpg
Samsung Galaxy A03s (4GB | 64GB) Chính Hãng,2.899.000,2.899.000,https://www.duchuymobile.com/images/thumbnails/180/180/detailed/47/poco-m4-pro-4g.jpg
Bao Da Smart Clear View Cover Samsung Galaxy S20 FE,699.000,699.000,https://www.duchuymobile.com/images/thumbnails/180/180/detailed/52/tai-nghe-bluetooth-true-wireless-oppo-enco-buds.jpg
OPPO Reno5 (8GB | 128GB) Chính Hãng Like New,5.899.000,5.899.000,https://www.duchuymobile.com/images/thumbnails/180/180/detailed/45/xiaomi-redmi-note-11_h003-vr.jpg
Samsung Galaxy A73 5G (8GB | 128GB) Chính Hãng Mới 100% Nguyên Seal,9.299.000,9.299.000,https://www.duchuymobile.com/images/thumbnails/180/180/detailed/53/samsung-galaxy-a13-den.jpg
Samsung Galaxy Note 10 Plus 5G (12GB | 512GB) Like New,8.999.000,8.999.000,https://www.duchuymobile.com/images/thumbnails/180/180/detailed/50/xiaomi-poco-c40.jpg
Xiaomi Redmi Note 10 Pro (6GB | 128GB) Chính Hãng Trôi Bảo Hành,3.499.000,3.499.000,https://www.duchuymobile.com/images/thumbnails/180/180/detailed/55/op-lung-iphone-14-pro-max-clear-case-with-magsafe.jpg
Samsung Galaxy Z Flip3 5G (8GB | 128GB) Chính Hãng Like New,9.299.000,9.299.000,https://www.duchuymobile.com/images/thumbnails/180/180/detailed/51/samsung-galaxy-z-fold4-5g-kem.jpg
iPhone 12 Pro 128GB (Like New),12.199.000,12.199.000,https://www.duchuymobile.com/images/thumbnails/180/180/detailed/51/zte-nubia-red-magic-7s-pro_1nrd-to.jpg
Samsung Galaxy M52 5G (8GB | 128GB) Chính Hãng,7.299.000,7.299.000,https://www.duchuymobile.com/images/thumbnails/180/180/detailed/51/zte-nubia-red-magic-7s_j57c-vd_oay9-9j.jpg
Samsung Galaxy A22 (6GB | 128GB) Chính Hãng,4.499.000,4.499.000,https://www.duchuymobile.com/images/thumbnails/180/180/detailed/44/iphone-13-mau-xanh_fl4s-oz.jpg
iPhone 12 Pro Max 128GB (Chưa Active),18.399.000,18.399.000,https://www.duchuymobile.com/images/thumbnails/180/180/detailed/44/iphone-13-mini-mau-hong_x1xr-r9.jpg
iPhone 12 128GB Chính Hãng VN/A,16.999.000,16.999.000,https://www.duchuymobile.com/images/thumbnails/180/180/detailed/50/google-pixel-6-den.jpg
Asus ROG Phone 5 (8GB | 128GB),15.490.000,15.490.000,https://www.duchuymobile.com/images/thumbnails/180/180/detailed/48/samsung-galaxy-a73-5g_lurc-zq_zfqw-zz.jpg
Google Pixel 5 5G 128GB Mới 100%,7.699.000,7.699.000,https://www.duchuymobile.com/images/thumbnails/180/180/detailed/54/xiaomi-redmi-9a-xanh-duong.jpg
LG G8X ThinQ Mỹ (6GB | 128GB) Like New,4.990.000,4.990.000,https://www.duchuymobile.com/images/thumbnails/180/180/detailed/51/iphone-13-pro-max-den.jpg
Samsung Galaxy M33 5G (8GB | 128GB) Chính Hãng,5.299.000,5.299.000,https://www.duchuymobile.com/images/thumbnails/180/180/detailed/51/asus-rog-phone-6_lx5t-d0.jpg
Xiaomi Redmi 9A (2GB | 32GB) Chính Hãng Trôi Bảo Hành,1.399.000,1.399.000,https://www.duchuymobile.com/images/thumbnails/180/180/detailed/49/samsung-galaxy-z-fold-3-5g-bac.jpg
Google Pixel 3 XL 64GB (Like New),4.890.000,4.890.000,https://www.duchuymobile.com/images/thumbnails/180/180/detailed/51/samsung-galaxy-z-fold4-5g-kem_c7kn-k0_slu7-g5.jpg
Samsung Galaxy A72 (8GB | 128GB) Chính Hãng,7.599.000,7.599.000,https://www.duchuymobile.com/images/thumbnails/180/180/detailed/51/samsung-galaxy-z-fold4-5g-kem_c7kn-k0.jpg
Samsung Galaxy A23 (4GB | 128GB) Chính Hãng,4.599.000,4.599.000,https://www.duchuymobile.com/images/thumbnails/180/180/detailed/53/samsung-galaxy-z-fold4-5g-xanh.jpg
Samsung Galaxy Note 20 Ultra 5G 256GB Chính Hãng (Like New) 2 Sim,12.999.000,12.999.000,https://www.duchuymobile.com/images/thumbnails/180/180/detailed/51/zte-nubia-red-magic-7s_j57c-vd_oay9-9j_edht-p8.jpg
iPhone 13 Pro Max 1TB Chính Hãng VN/A,40.999.000,40.999.000,https://www.duchuymobile.com/images/thumbnails/180/180/detailed/44/iphone-13-mau-xanh_x9zv-l0.jpg
iPhone 12 Pro 128GB Chính Hãng - Trôi Bảo Hành,19.199.000,19.199.000,https://www.duchuymobile.com/images/thumbnails/180/180/detailed/54/xanh_e3nf-c0.jpg
Samsung Galaxy M23 5G 6GB | 128GB Chính Hãng,4.699.000,4.699.000,https://www.duchuymobile.com/images/thumbnails/180/180/detailed/53/mau-xanh_whjg-ib.jpg
iPhone 12 Pro Max 256GB Chính Hãng VN/A (Like New),17.999.000,17.999.000,https://www.duchuymobile.com/images/thumbnails/180/180/detailed/45/xiaomi-11-lite-5g-hong.jpg
Samsung Galaxy M53 5G (8GB | 128GB) Chính Hãng,8.299.000,8.299.000,https://www.duchuymobile.com/images/thumbnails/180/180/detailed/39/smart-keyboads.jpg
Samsung Galaxy S20 FE (8GB | 256GB) Snapdragon 865 Like New,7.399.000,7.399.000,https://www.duchuymobile.com/images/thumbnails/180/180/detailed/42/samsung-galaxy-a22-den.jpg
Samsung Galaxy S21 FE 5G (8GB | 256GB) Chính Hãng,13.499.000,13.499.000,https://www.duchuymobile.com/images/thumbnails/180/180/detailed/54/samsung-galaxy-a23-xanh.jpg
Samsung Galaxy Z Flip4 5G (8GB | 256GB) Chính Hãng,15.999.000,15.999.000,https://www.duchuymobile.com/images/thumbnails/180/180/detailed/54/nau.jpg
Samsung Galaxy M22 (4GB | 128GB) Chính Hãng,3.799.000,3.799.000,https://www.duchuymobile.com/images/thumbnails/180/180/detailed/49/iphone-13-pro-vang_3y7s-fi.jpg
iPhone 13 Pro Max 512GB Chính Hãng VN/A,34.999.000,34.999.000,https://www.duchuymobile.com/images/thumbnails/180/180/detailed/55/iphone-13-mau-do.jpg
Xiaomi 12T 5G (8GB | 128GB) Chính Hãng,10.490.000,10.490.000,https://www.duchuymobile.com/images/thumbnails/180/180/detailed/44/iphone-13-pro-vang_ljok-dy.jpg
Samsung Galaxy A04s (4GB | 64GB) Chính Hãng,3.299.000,3.299.000,https://www.duchuymobile.com/images/thumbnails/180/180/detailed/25/trang.jpg
Samsung Galaxy A03s (3GB | 32GB) Chính Hãng,2.299.000,2.299.000,https://www.duchuymobile.com/images/thumbnails/180/180/detailed/53/iphone-14-pro-max-tim_t3ty-ek_2qp9-n1_odar-xd_gfsn-6a.jpg
Bao Da Kèm Bút S-Pen Samsung Galaxy Z Fold3 5G Chính Hãng,1.899.000,1.899.000,https://www.duchuymobile.com/images/thumbnails/180/180/detailed/53/vang.jpg
iPhone 11 Pro 64GB (Chưa Active),11.799.000,11.799.000,https://www.duchuymobile.com/images/thumbnails/180/180/detailed/53/iphone-14-pro-max-tim_t3ty-ek_2qp9-n1_odar-xd.jpg
iPhone 11 128GB Chính Hãng VN/A Trôi Bảo Hành,9.599.000,9.599.000,https://www.duchuymobile.com/images/thumbnails/180/180/detailed/53/iphone-14-pro-max-tim_t3ty-ek_2qp9-n1.jpg
OPPO Reno8 5G (8GB | 256GB) Chính Hãng,11.699.000,11.699.000,https://www.duchuymobile.com/images/thumbnails/180/180/detailed/44/iphone-13-pro-vang_b6uj-z2.jpg
Samsung Galaxy S21 FE 5G (6GB | 128GB) Chính Hãng,10.599.000,10.599.000,https://www.duchuymobile.com/images/thumbnails/180/180/detailed/56/xiaomi-13-pro-chinh-hang_qc97-uu_a74m-qr.jpg
OPPO Reno8 Z 5G (8GB | 256GB) Chính Hãng,8.899.000,8.899.000,https://www.duchuymobile.com/images/thumbnails/180/180/detailed/53/iphone-13-pro-den_0cl8-wi.jpg
Samsung Galaxy S20 (8GB| 128GB) Hàn Quốc Like New,6.199.000,6.199.000,https://www.duchuymobile.com/images/thumbnails/180/180/detailed/44/iphone-13-pro-vang_wezf-sv.jpg
Ốp Lưng Leather Samsung Galaxy Z Fold 2 5G,800.000,800.000,https://www.duchuymobile.com/images/thumbnails/180/180/detailed/56/xiaomi-13-pro-chinh-hang_qc97-uu.jpg
OPPO Reno6 Pro 5G (12GB | 256GB) Chính Hãng,9.990.000,9.990.000,https://www.duchuymobile.com/images/thumbnails/180/180/detailed/56/xiaomi-13-pro-chinh-hang.jpg
iPhone 13 Pro Max 128GB Chính Hãng VN/A - Trôi Bảo Hành,23.999.000,23.999.000,https://www.duchuymobile.com/images/thumbnails/180/180/detailed/51/zte-nubia-red-magic-7s_j57c-vd.jpg
Samsung Galaxy S21 FE 5G (8GB | 128GB) Chính Hãng,10.999.000,10.999.000,https://www.duchuymobile.com/images/thumbnails/180/180/detailed/51/red-magic-7-pro-5g_b5lp-6o.jpg
iPhone 12 Pro Max 128GB Chính Hãng VN/A (Like New),17.999.000,17.999.000,https://www.duchuymobile.com/images/thumbnails/180/180/detailed/51/xiaomi-13-pro-chinh-hang.jpg
iPhone 14 Pro Max 1TB Chính Hãng VN/A,45.990.000,45.990.000,https://www.duchuymobile.com/images/thumbnails/180/180/detailed/56/xiaomi-13_rk51-7e_xm4e-gw_g9no-xg.jpg
Samsung Galaxy Z Flip3 5G (8GB | 256GB) Chính Hãng (Like New),12.599.000,12.599.000,https://www.duchuymobile.com/images/thumbnails/180/180/detailed/55/oppo-reno-8-5g-chinh-hang_b1za-1o_65it-wt.jpg
Xiaomi Redmi Note 10S (8GB | 128GB) Chính Hãng Trôi Bảo Hành,3.999.000,3.999.000,https://www.duchuymobile.com/images/thumbnails/180/180/detailed/44/xiaomi-11t-pro_ml36-4l.jpg
iPhone 13 Pro Max 256GB Chính Hãng VN/A - Trôi Bảo Hành,25.899.000,25.899.000,https://www.duchuymobile.com/images/thumbnails/180/180/detailed/53/trang_89pv-0e.jpg
Xiaomi Poco F4 GT 5G (12GB | 256GB) Chính Hãng,13.799.000,13.799.000,https://www.duchuymobile.com/images/thumbnails/180/180/detailed/55/oppo-reno-8-5g-chinh-hang_b1za-1o.jpg
Samsung Galaxy Z Fold3 5G (12GB | 256GB) Hàn Quốc,18.999.000,18.999.000,https://www.duchuymobile.com/images/thumbnails/180/180/detailed/53/oppo-reno-8-5g-chinh-hang.jpg
Google Pixel 4a 5G,8.990.000,8.990.000,https://www.duchuymobile.com/images/thumbnails/180/180/detailed/45/xiaomi-redmi-note-11_h003-vr_bwt8-s4_6ght-y9_5k15-6o.jpg
Tai nghe Apple AirPods Pro 2 (2022) Chính Hãng,5.499.000,5.499.000,https://www.duchuymobile.com/images/thumbnails/180/180/detailed/39/smart-keyboads_mkdq-ik.jpg
Bút Cảm Ứng Apple Pencil 2,3.490.000,3.490.000,https://www.duchuymobile.com/images/thumbnails/180/180/detailed/50/oppo-reno7-z-5g_vwcr-m5_85jo-vg.jpg
iPhone 12 Pro 256GB (Like New),12.999.000,12.999.000,https://www.duchuymobile.com/images/thumbnails/180/180/detailed/54/xanh.jpg
OPPO Reno8 4G (8GB | 256GB) Chính Hãng,7.799.000,7.799.000,https://www.duchuymobile.com/images/thumbnails/180/180/detailed/40/xanh-duong.jpg
Realme C11 (2GB | 32GB) Chính Hãng,2.150.000,2.150.000,https://www.duchuymobile.com/images/thumbnails/180/180/detailed/49/xiaomi-black-shark-5_mgvf-fh.jpg
Bộ sạc siêu nhanh 45W (Kèm cáp) | Chính hãng Samsung,799.000,799.000,https://www.duchuymobile.com/images/thumbnails/180/180/detailed/49/xiaomi-black-shark-5-rs.jpg
iPhone 12 64GB (Like New),9.499.000,9.499.000,https://www.duchuymobile.com/images/thumbnails/180/180/detailed/50/red_magic_7_transformer.jpg
Samsung Galaxy A72 (8GB | 256GB) Chính Hãng Like New,6.699.000,6.699.000,https://www.duchuymobile.com/images/thumbnails/180/180/detailed/50/red_magic_7_pro_transformers_edition.jpg
Củ sạc siêu nhanh 45W | Chính Hãng Samsung,549.000,549.000,https://www.duchuymobile.com/images/thumbnails/180/180/detailed/50/xiaomi-12.jpg
iPhone 13 Pro 512GB Chính Hãng VN/A,28.999.000,28.999.000,
iPhone 12 Pro Max 512GB (Like New),18.999.000,18.999.000,
Xiaomi Mi 11 5G (8GB | 256GB) Chính Hãng Trôi Bảo Hành,8.799.000,8.799.000,
iPhone 11 256GB Chính Hãng VN/A Trôi Bảo Hành,9.799.000,9.799.000,
Bao da Smart Clear View Samsung Galaxy S22 Ultra 5G Chính Hãng,1.199.000,1.199.000,
Samsung Galaxy A23 (6GB | 128GB) Chính Hãng,5.149.000,5.149.000,
Bao Da Kèm Bút S-Pen Samsung Galaxy Z Fold4 5G Chính Hãng,1.699.000,1.699.000,
Samsung Galaxy Watch5 Pro 45mm Chính Hãng,8.799.000,8.799.000,
iPhone 13 512GB Chính Hãng VN/A,24.999.000,24.999.000,
iPhone 12 Pro 256GB Chính Hãng VN/A (Like New),15.999.000,15.999.000,
Ốp Lưng Samsung Galaxy Z Fold4 5G VRS Design (Phiên bản không đựng bút),999.000,999.000,
Bút Apple Pencil 1,2.199.000,2.199.000,
iPhone 13 128GB Quốc Tế (Like New),14.899.000,14.899.000,
Bộ Quà Tặng OPPO Reno8 Z | Reno8 5G,999.000,999.000,
iPhone 13 Pro Max 1TB Chính Hãng VN/A (Like New),27.999.000,27.999.000,
Xiaomi 12 (8GB | 256GB) Chính Hãng,13.299.000,13.299.000,
Samsung Galaxy A32 (6GB | 128GB) Chính Hãng Trôi Bảo Hành,3.899.000,3.899.000,
iPhone 14 Pro 1TB Chính Hãng VN/A,43.690.000,43.690.000,
iPhone 12 Pro Max 256GB Chính Hãng - Trôi Bảo Hành,22.299.000,22.299.000,
Asus ROG Phone 5 (16GB | 256GB),19.290.000,19.290.000,
Vivo V23e (8GB | 128GB) Chính Hãng Like New Fullbox,3.890.000,3.890.000,
Samsung Galaxy A22 5G (6GB | 128GB) Chính Hãng Trôi Bảo Hành,3.499.900,3.499.900,
Ốp Da Leather Cover Samsung Galaxy Z Fold4 5G Chính Hãng,1.299.000,1.299.000,
Samsung Galaxy Z Fold4 5G (12GB | 512GB) 2 SIM (Like New),24.399.000,24.399.000,
iPhone 11 64GB Chính Hãng VN/A Trôi Bảo Hành,8.799.000,8.799.000,
Củ Sạc Nhanh 35W Dual USB-C Port Compact Power Adapter | Chính Hãng Apple,1.450.000,1.450.000,
Ốp lưng iPhone 13 Pro Max Clear Case with MagSafe Chính Hãng,649.000,649.000,
Xiaomi POCO X4 GT 5G (8GB | 128GB) Chính Hãng,7.799.000,7.799.000,
iPhone 13 Pro Max 128GB Chính Hãng VN/A (Like New),21.999.000,21.999.000,
iPhone 12 Pro 512GB Quốc Tế (Chưa Active),17.699.000,17.699.000,
iPhone 12 Pro 512GB (Like New),13.599.000,13.599.000,
Samsung Galaxy A13 (6GB | 128GB) Chính Hãng,4.199.000,4.199.000,
iPhone 14 512GB Chính Hãng VN/A,28.690.000,28.690.000,
Bao Da Smart LED View Cover Samsung Galaxy S22 Ultra 5G Chính Hãng,999.000,999.000,
Samsung Galaxy M53 5G (8GB | 256GB) Chính Hãng,9.999.000,9.999.000,
Samsung Galaxy Z Fold4 5G (12GB | 256GB) Burgundy Đỏ Rượu Vang Chính Hãng,28.999.000,28.999.000,
Google Pixel 5 5G 128GB Like New (2 Sim),6.399.000,6.399.000,
Xiaomi Redmi Note 11 (4GB | 64GB) Chính Hãng Trôi Bảo Hành,3.299.000,3.299.000,
Asus ROG Phone 5 (12GB | 256GB),17.990.000,17.990.000,
Samsung Galaxy Z Fold3 5G (12GB | 512GB) Hàn Quốc Like New,18.999.000,18.999.000,
Xiaomi Redmi Note 11 Pro (8GB | 128GB) Chính Hãng,6.399.000,6.399.000,
Realme Narzo 50 4G 2022 (4GB | 64GB) Chính Hãng,3.999.000,3.999.000,
iPhone 12 Pro 256GB Quốc Tế (Chưa Active),17.499.000,17.499.000,
Kính Cường Lực Camera Zeelot Galaxy S22 Ultra 5G Chính Hãng,349.000,349.000,
iPhone 13 Pro Max 1TB Chính Hãng VN/A - Trôi Bảo Hành,28.999.000,28.999.000,
iPhone 13 Pro Max 512GB Chính Hãng VN/A - Trôi Bảo Hành,26.999.000,26.999.000,
iPhone 13 Pro Max 256GB (Like New),22.599.000,22.599.000,
Samsung Galaxy Z Fold3 5G (12GB | 512GB) Chính Hãng Like New,20.599.000,20.599.000,
iPhone 12 Pro Max 256GB (Like New),16.599.000,16.599.000,
Samsung Galaxy S20 FE Hàn Quốc (6GB | 128GB) Like New,5.999.000,5.999.000,
iPhone 12 Pro 256GB Chính Hãng - Trôi Bảo Hành,19.999.000,19.999.000,
Samsung Galaxy S21 FE 5G (6GB | 128GB) Chính Hãng Like New,7.399.000,7.399.000,
iPhone 13 Pro Max 256GB Chính Hãng VN/A (Like New),24.699.000,24.699.000,
Xiaomi 12T 5G (8GB | 256GB) Chính Hãng,10.990.000,10.990.000,
ZTE nubia Red Magic 7S Pro (12GB | 256GB),20.399.000,20.399.000,
ZTE nubia Red Magic 7S (8GB | 128GB),14.399.000,14.399.000,
iPhone 12 128GB Quốc Tế (Like New),10.999.000,10.999.000,
Samsung Galaxy A52s 5G (8GB | 128GB) Chính Hãng (Like New),6.399.000,6.399.000,
Xiaomi Redmi 10C (4GB | 128GB) Chính Hãng,3.299.000,3.299.000,
iPhone 13 256GB Quốc Tế (Like New),15.599.000,15.599.000,
Xiaomi Redmi Note 11 (4GB | 128GB) Chính Hãng,4.199.000,4.199.000,
Asus ROG Phone 5 (12GB | 128GB),16.590.000,16.590.000,
Samsung Galaxy A33 5G (8GB | 128GB) Chính Hãng,6.899.000,6.899.000,
Xiaomi Poco M4 Pro 4G (8GB | 256GB) Chính Hãng,5.099.000,5.099.000,
Tai nghe Bluetooth True Wireless OPPO ENCO Buds Chính Hãng,790.000,790.000,
iPhone 13 Pro 128GB (Like New),17.699.000,17.699.000,
Bàn Phím Magic Keyboard Cho iPad Pro 11 inch 2021,7.590.000,7.590.000,
Google Pixel 4a 5G (Like New),7.390.000,7.390.000,
Google Pixel 4 64GB Like New,5.690.000,5.690.000,
Google Pixel 7 5G (8GB | 128GB) Mới 100% Nguyên Seal,17.599.000,17.599.000,
Asus ROG Phone 6 (12GB | 128GB),16.990.000,16.990.000,
Bàn Phím Magic Keyboard Cho iPad Pro 12.9 inch 2021,8.790.000,8.790.000,
Xiaomi Mi 11 Lite (8GB | 128GB) Chính Hãng,7.399.000,7.399.000,
Samsung Galaxy A52 (8GB | 128GB) Chính Hãng ( Like New ),4.799.000,4.799.000,
Chuột Apple Magic Mouse 2 Space Gray Chính Hãng,2.399.000,2.399.000,
Xiaomi Redmi Note 11 (4GB | 128GB) Chính Hãng Trôi Bảo Hành,3.599.000,3.599.000,
Samsung Galaxy A13 (4GB | 64GB) Chính Hãng,3.399.000,3.399.000,
Xiaomi Poco C40 (4GB | 64GB) Chính Hãng,2.990.000,2.990.000,
Ốp lưng iPhone 14 Pro Max Clear Case with MagSafe Chính Hãng,1.099.000,1.099.000,
Samsung Galaxy Z Fold4 5G (12GB | 256GB) Chính Hãng Like New,25.999.000,25.999.000,
ZTE nubia Red Magic 7S Pro (16GB | 512GB),22.899.000,22.899.000,
ZTE nubia Red Magic 7S (12GB | 256GB),18.499.000,18.499.000,
iPhone 13 128GB Chính Hãng VN/A (Like New),15.999.000,15.999.000,
iPhone 13 Mini 128GB Chính Hãng VN/A (Like New),12.899.000,12.899.000,
Google Pixel 6 5G (8GB | 128GB),11.999.000,11.999.000,
Samsung Galaxy A73 5G (8GB | 256GB) Chính Hãng,9.899.000,9.899.000,
Xiaomi Redmi 9A (4GB | 128GB) Chính Hãng Trôi Bảo Hành,1.699.000,1.699.000,
iPhone 13 Pro Max 512GB Chính Hãng VN/A (Like New),25.599.000,25.599.000,
Asus ROG Phone 6 (12GB | 256GB) Tặng Kèm Tản Nhiệt Aero Cooler 6,21.990.000,21.990.000,
Samsung Galaxy Z Fold3 5G (12GB | 512GB) Hàn Quốc,20.599.000,20.599.000,
Xiaomi Redmi Note 11S (8GB | 128GB) Chính Hãng Trôi Bảo Hành,4.399.000,4.399.000,
Asus ROG Phone 6 (18GB | 512GB),27.990.000,27.990.000,
Google Pixel 7 Pro 5G (12GB | 256GB) Mới 100% Nguyên Seal,25.799.000,25.799.000,
iPhone 13 Pro 256GB (Like New),18.999.000,18.999.000,
Xiaomi 13 5G (8GB | 128GB) Chính Hãng,13.499.000,13.499.000,
Google Pixel 5a 5G (6GB | 128GB),9.699.000,9.699.000,
OPPO Reno7 Z 5G (8GB | 128GB) Chính Hãng Like New,5.999.000,5.999.000,
Samsung Galaxy M22 (6GB | 128GB) Chính Hãng,4.299.000,4.299.000,
Realme C35 (4GB | 64GB) Chính Hãng,3.799.000,3.799.000,
iPhone 14 Pro Max 1TB Chính Hãng VN/A Trôi Bảo Hành (Chưa Active),42.999.000,42.999.000,
Samsung Galaxy Z Fold4 5G (12GB | 1TB) Chính Hãng Like New,30.999.000,30.999.000,
Samsung Galaxy Z Fold4 5G (12GB | 512GB) Chính Hãng Like New,28.999.000,28.999.000,
Samsung Galaxy Z Fold4 5G (12GB | 256GB) Chính Hãng Trôi Bảo Hành,26.599.000,26.599.000,
ZTE nubia Red Magic 7S (16GB | 512GB),19.899.000,19.899.000,
iPhone 13 256GB Chính Hãng VN/A - Trôi Bảo Hành,18.999.000,18.999.000,
iPhone 12 128GB Chính Hãng VN/A Trôi Bảo Hành,14.999.000,14.999.000,
OPPO Reno8 Pro 5G (12GB | 256GB) Chính Hãng,13.999.000,13.999.000,
Xiaomi 11 Lite 5G NE (6GB | 128GB) Chính Hãng Trôi Bảo Hành,6.599.000,6.599.000,
Bàn Phím Smart Keyboard Folio Cho iPad Pro 11 inch (Gen 2) - US English,4.700.000,4.700.000,
Samsung Galaxy A22 (4GB | 128GB) Chính Hãng,4.299.900,4.299.900,
Samsung Galaxy A23 (4GB | 128GB) Chính Hãng Trôi Bảo Hành,3.599.900,3.599.900,
Samsung Galaxy A04 (4GB | 64GB) Chính Hãng,2.990.000,2.990.000,
iPhone 13 Pro 1TB Chính Hãng VN/A ( Like New ),26.999.000,26.999.000,
iPhone 13 512GB Chính Hãng VN/A - Trôi Bảo Hành,21.999.000,21.999.000,
iPhone 13 Pro 256GB Chính Hãng VN/A (Like New),21.999.000,21.999.000,
iPhone 13 512GB Chính Hãng VN/A (Like New),21.799.000,21.799.000,
Asus ROG Phone 6 (12GB | 512GB),20.990.000,20.990.000,
iPhone 13 256GB Chính Hãng VN/A (Like New),17.999.000,17.999.000,
ZTE nubia Red Magic 7 Pro (12GB | 128GB),15.899.000,15.899.000,
ZTE nubia Red Magic 7 5G (8GB | 128GB),13.899.000,13.899.000,
iPhone 12 256GB (Like New),12.699.000,12.699.000,
Xiaomi 11T 5G (8GB | 128GB) Chính Hãng Trôi Bảo Hành,6.599.000,6.599.000,
Xiaomi Redmi 10 2022 (4GB | 128GB) Chính Hãng,3.799.000,3.799.000,
Gói AppleCare Protection Plan cho MacBook Air M2 2022 | Pro M2 2022,3.569.000,3.569.000,
Realme C11 (2021) (4GB | 64GB) Chính Hãng,2.749.900,2.749.900,
Google Pixel 3a ( Like New ),2.699.000,2.699.000,
iPhone 14 Pro Max 512GB Chính Hãng VN/A - Trôi Bảo Hành,37.999.000,37.999.000,
Xiaomi Poco M5 (4GB | 64GB) Chính Hãng,35.999.000,35.999.000,
iPhone 14 Pro Max 256GB Chính Hãng VN/A - Trôi Bảo Hành,32.999.000,32.999.000,
iPhone 14 Pro Max 128GB Chính Hãng VN/A - Trôi Bảo Hành (Chưa Active),29.999.000,29.999.000,
iPhone 13 Pro 512GB Chính Hãng VN/A (Like New),23.599.000,23.599.000,
Xiaomi 13 Pro 5G (12GB | 512GB) Chính Hãng,20.999.000,20.999.000,
iPhone 13 Pro 512GB (Like New),20.599.000,20.599.000,
iPhone 13 Pro 128GB Chính Hãng VN/A (Like New),19.999.000,19.999.000,
Xiaomi 13 Pro 5G (12GB | 256GB) Chính Hãng,18.999.000,18.999.000,
Xiaomi 13 Pro 5G (8GB | 256GB) Chính Hãng,17.999.000,17.999.000,
ZTE nubia Red Magic 7S (12GB | 128GB),17.899.000,17.899.000,
ZTE nubia Red Magic 7 Pro (12GB | 256GB),17.399.000,17.399.000,
Xiaomi 13 Pro 5G (8GB | 128GB) Chính Hãng,16.999.000,16.999.000,
Xiaomi 13 5G (12GB | 512GB) Chính Hãng,16.999.000,16.999.000,
Xiaomi 12T Pro 5G (12GB | 256GB) Chính Hãng,16.990.000,16.990.000,
Xiaomi 13 5G (12GB | 256GB) Chính Hãng,15.999.000,15.999.000,
ZTE nubia Red Magic 7 5G (12GB | 256GB),15.899.000,15.899.000,
OPPO Reno9 Pro+ 5G (16GB | 512GB) Chính Hãng,15.299.000,15.299.000,
ZTE nubia Red Magic 7 5G (12GB | 128GB),15.199.000,15.199.000,
Xiaomi 13 5G (8GB | 256GB) Chính Hãng,14.999.000,14.999.000,
OPPO Reno9 Pro+ 5G (16GB | 256GB) Chính Hãng,13.999.000,13.999.000,
OPPO Reno9 Pro 5G (16GB | 512GB) Chính Hãng,12.999.000,12.999.000,
OPPO Reno9 Pro 5G (16GB | 256GB) Chính Hãng,12.099.000,12.099.000,
OPPO Reno7 Pro 5G (12GB | 256GB) Chính Hãng,11.999.000,11.999.000,
OPPO Reno9 5G (12GB | 512GB) Chính Hãng,10.399.000,10.399.000,
Xiaomi 11T Pro 5G (8GB | 256GB) Chính Hãng Trôi Bảo Hành,9.899.000,9.899.000,
Google Pixel 6a (6GB | 128GB) Mới 100% Fullbox,9.399.000,9.399.000,
OPPO Reno9 5G (12GB | 256GB) Chính Hãng,9.399.000,9.399.000,
OPPO Reno9 5G (8GB | 256GB) Chính Hãng,8.699.000,8.699.000,
Xiaomi Redmi Note 11 Pro 5G (8GB | 128GB) Chính Hãng,7.999.000,7.999.000,
Bàn Phím Smart Keyboard Folio Cho iPad Pro 11 inch (Gen 2) - International English,7.199.000,7.199.000,
OPPO Reno7 Z 5G (8GB | 128GB) Chính Hãng Trôi Bảo Hành,6.599.000,6.599.000,
Samsung Galaxy A04 (3GB | 32GB) Chính Hãng,2.499.000,2.499.000,
Realme C20 (2GB | 32GB) Chính Hãng ( Like New ),1.999.000,1.999.000,
Xiaomi Black Shark 5 Pro (8GB | 256GB) Chính Hãng,,contact to get more info,
Xiaomi Black Shark 5 RS (8GB | 256GB) Chính Hãng,,contact to get more info,
ZTE nubia Red Magic 7 Decepticon Custom Edition 5G (16GB - 512GB),,contact to get more info,
ZTE nubia Red Magic 7 Pro Optimus Prime Custom Edition (18GB | 512GB),,contact to get more info,
Xiaomi 12S Chính Hãng,,contact to get more info,
Xiaomi 12S Pro 5G Chính Hãng,,contact to get more info,
Xiaomi 12S Ultra Chính Hãng,,contact to get more info,
Xiaomi Redmi Note 12 Pro,,contact to get more info,
